Id,Label,Degree,Betweenness,Expression
5879,RAC1,226,308844.68,0.942857142857143
983,CDK1,191,259557.11,-0.942857142857143
60,ACTB,113,161123.32,1
6161,RPL32,94,84497.17,0.885714285714286
6634,SNRPD3,83,103309.52,0.885714285714286
6165,RPL35A,77,51327.28,0.885714285714286
4809,SNU13,73,86366.67,0.885714285714286
9212,AURKB,70,78526.02,-0.942857142857143
1855,DVL1,64,67810.59,-0.942857142857143
5699,PSMB10,61,34893.51,-0.942857142857143
5719,PSMD13,50,33836.7,-0.885714285714286
7316,UBC,45,662758.31,0
4218,RAB8A,45,41046.53,-0.885714285714286
10987,COPS5,43,69511.05,-0.942857142857143
9533,POLR1C,41,80636.42,-1
5976,UPF1,40,67659.93,-0.942857142857143
5901,RAN,40,56422.98,0.885714285714286
4998,ORC1,40,26457.12,-0.885714285714286
26155,NOC2L,38,63079.36,-0.885714285714286
1454,CSNK1E,38,44650.26,0.942857142857143
9136,RRP9,36,43267.82,-0.885714285714286
7979,SHFM1,36,23440.96,-0.885714285714286
6428,SRSF3,33,15860.67,-0.885714285714286
5465,PPARA,32,45235.58,-0.942857142857143
5715,PSMD9,31,8754.66,1
7332,UBE2L3,30,38748.1,0.942857142857143
5590,PRKCZ,30,28496.1,-0.885714285714286
7384,UQCRC1,27,67724,0.885714285714286
23028,KDM1A,27,29842.96,-0.942857142857143
56949,XAB2,25,17148.83,-0.942857142857143
4627,MYH9,23,21511.31,0.885714285714286
7353,UFD1L,22,30459.92,0.942857142857143
85236,HIST1H2BK,21,26883.61,0.885714285714286
840,CASP7,21,26458.68,0.942857142857143
396,ARHGDIA,21,18112.31,0.885714285714286
1123,CHN1,19,3204.77,0.942857142857143
162,AP1B1,17,23963.22,0.885714285714286
55917,CTTNBP2NL,16,21578.4,0.885714285714286
29101,SSU72,16,19620.85,-0.885714285714286
1072,CFL1,16,15938.66,0.942857142857143
6904,TBCD,16,11940.02,-0.885714285714286
5606,MAP2K3,15,13703.75,-0.885714285714286
23016,EXOSC7,13,16835.1,-0.885714285714286
125476,INO80C,13,6302.98,0.885714285714286
9512,PMPCB,12,27380,-0.885714285714286
51119,SBDS,12,15316.78,0.942857142857143
83444,INO80B,12,4769.98,-1
64601,VPS16,11,22686.48,-0.885714285714286
2395,FXN,10,16805,0.942857142857143
4191,MDH2,10,13761,0.885714285714286
6470,SHMT1,10,13761,-0.942857142857143
55048,VPS37C,10,11203.81,-0.942857142857143
11267,SNF8,10,9172.76,-0.885714285714286
7311,UBA52,9,19581.92,0
25978,CHMP2B,9,9171.76,0.885714285714286
2063,NR2F6,9,6131,-0.885714285714286
4116,MAGOH,8,26784.54,0
6233,RPS27A,8,11890.04,0
26276,VPS33B,8,3617.56,-0.885714285714286
55656,INTS8,8,2157.97,-0.885714285714286
2787,GNG5,7,9183,0.885714285714286
55920,RCC2,7,3679.24,-0.942857142857143
7157,TP53,6,13614.52,0
5876,RABGGTB,6,7655,-0.942857142857143
5716,PSMD10,6,3052.75,0
387,RHOA,6,2033.5,0
10362,HMG20B,6,1341.77,-0.942857142857143
7314,UBB,6,738.63,0
5705,PSMC5,6,566.2,0
5700,PSMC1,6,566.2,0
5702,PSMC3,6,566.2,0
5701,PSMC2,6,566.2,0
5706,PSMC6,6,566.2,0
3065,HDAC1,5,6011.06,0
10382,TUBB4A,5,5771,0
10383,TUBB4B,5,5771,0
64750,SMURF2,5,4624.89,-0.885714285714286
140739,UBE2F,5,4596.5,0.942857142857143
5718,PSMD12,5,2094.59,0
10527,IPO7,5,1548.6,-0.885714285714286
998,CDC42,5,914.34,0
5707,PSMD1,5,422.16,0
5689,PSMB1,5,422.16,0
5692,PSMB4,5,422.16,0
5709,PSMD3,5,422.16,0
5704,PSMC4,5,174.86,0
3320,HSP90AA1,4,14491.15,0
3725,JUN,4,13894.58,0
51602,NOP58,4,11134.56,0
5688,PSMA7,4,7310.56,0
84365,NIFK,4,5828.63,0
8607,RUVBL1,4,4999.22,0
10856,RUVBL2,4,4999.22,0
57470,LRRC47,4,4596,-0.885714285714286
3326,HSP90AB1,4,4406.37,0
301,ANXA1,4,3582.65,0.885714285714286
984,CDK11B,4,3372.24,-0.942857142857143
7415,VCP,4,3185.44,0
5062,PAK2,4,3115.31,0
6618,SNAPC2,4,3065.5,-0.942857142857143
7277,TUBA4A,4,3042.43,0
7846,TUBA1A,4,3042.43,0
5903,RANBP2,4,2179.18,0
5684,PSMA3,4,1797.35,0
27341,RRP7A,4,1680.88,0.885714285714286
6135,RPL11,4,1337.88,0
388,RHOB,4,600.71,0
389,RHOC,4,600.71,0
5713,PSMD7,4,371.26,0
5714,PSMD8,4,371.26,0
5708,PSMD2,4,371.26,0
9861,PSMD6,4,371.26,0
5687,PSMA6,4,371.26,0
10213,PSMD14,4,371.26,0
6147,RPL23A,4,248.69,0
5686,PSMA5,4,113.85,0
5685,PSMA4,4,113.85,0
5695,PSMB7,4,113.85,0
5690,PSMB2,4,113.85,0
5682,PSMA1,4,113.85,0
1017,CDK2,4,72.36,0
5717,PSMD11,4,31.32,0
5501,PPP1CC,3,16918.23,0
5515,PPP2CA,3,11768.19,0
5594,MAPK1,3,9508.06,0
5970,RELA,3,8835.11,0
6207,RPS13,3,7723.98,0
23411,SIRT1,3,7699.13,0
5431,POLR2B,3,6318.72,0
79050,NOC4L,3,5389.54,0
5925,RB1,3,5352.91,0
332,BIRC5,3,5076.03,0
6714,SRC,3,4887.05,0
9128,PRPF4,3,4593,0
2091,FBL,3,4295.63,0
10528,NOP56,3,4295.63,0
367,AR,3,3594.12,0
826,CAPNS1,3,3065,0.942857142857143
51582,AZIN1,3,3065,-0.942857142857143
8541,PPFIA3,3,3065,-0.885714285714286
64852,TUT1,3,3065,-0.885714285714286
8452,CUL3,3,2825.74,0
7528,YY1,3,2799.2,0
86,ACTL6A,3,2196.32,0
1778,DYNC1H1,3,2041.25,0
6132,RPL8,3,1933.96,0
51069,MRPL2,3,1933.96,0
9775,EIF4A3,3,1888.48,0
8841,HDAC3,3,1875.34,0
51377,UCHL5,3,1573.92,0
7884,SLBP,3,1533.5,0.942857142857143
7879,RAB7A,3,1360.24,0
22916,NCBP2,3,1333.89,0
4686,NCBP1,3,1333.89,0
10594,PRPF8,3,1251.29,0
9343,EFTUD2,3,1251.29,0
1499,CTNNB1,3,1222.62,0
1857,DVL3,3,1222.62,0
1856,DVL2,3,1222.62,0
10921,RNPS1,3,1171.03,0
64320,RNF25,3,1137.33,0.942857142857143
1453,CSNK1D,3,1131.7,0
91782,CHMP7,3,1009.67,-0.885714285714286
57154,SMURF1,3,955.3,0
6194,RPS6,3,941.21,0
6188,RPS3,3,941.21,0
8175,SF3A2,3,876.2,0
79784,MYH14,3,829.59,0
2197,FAU,3,790.88,0
26986,PABPC1,3,562.94,0
4641,MYO1C,3,540.55,0
5058,PAK1,3,425.73,0
5599,MAPK8,3,425.73,0
7430,EZR,3,379.33,0
3184,HNRNPD,3,367.77,0
4670,HNRNPM,3,367.77,0
6431,SRSF6,3,367.77,0
3178,HNRNPA1,3,367.77,0
8683,SRSF9,3,367.77,0
3181,HNRNPA2B1,3,367.77,0
6426,SRSF1,3,367.77,0
6429,SRSF4,3,367.77,0
220988,HNRNPA3,3,367.77,0
6430,SRSF5,3,367.77,0
6625,SNRNP70,3,367.77,0
23433,RHOQ,3,239.3,0
3066,HDAC2,3,139.85,0
7324,UBE2E1,3,135.47,0
7321,UBE2D1,3,135.47,0
996,CDC27,3,135.47,0
891,CCNB1,3,134.99,0
51343,FZR1,3,134.99,0
6125,RPL5,3,63.91,0
6156,RPL30,3,63.91,0
9349,RPL23,3,63.91,0
6129,RPL7,3,63.91,0
6142,RPL18A,3,63.91,0
6143,RPL19,3,63.91,0
6138,RPL15,3,63.91,0
6229,RPS24,3,63.91,0
6168,RPL37A,3,63.91,0
6141,RPL18,3,63.91,0
27243,CHMP2A,3,45.25,0
5683,PSMA2,3,19.68,0
5710,PSMD4,3,19.68,0
128866,CHMP4B,3,13.95,0
92421,CHMP4C,3,13.95,0
8658,TNKS,3,1.77,0
80351,TNKS2,3,1.77,0
5518,PPP2R1A,2,15753.2,0
5315,PKM,2,15240,0
705,BYSL,2,11968.54,0
5394,EXOSC10,2,10349.69,0
81876,RAB1B,2,9168,0
3692,EIF6,2,8901.29,0
329,BIRC2,2,8773.78,0
22894,DIS3,2,7928.41,0
8417,STX7,2,7871.49,0
4830,NME1,2,6378.6,0
9100,USP10,2,6120,0
7385,UQCRC2,2,5741.8,0
7381,UQCRB,2,5741.8,0
7386,UQCRFS1,2,5741.8,0
1537,CYC1,2,5741.8,0
9377,COX5A,2,5741.8,0
1956,EGFR,2,4915.06,0
29127,RACGAP1,2,4341.29,0
23175,LPIN1,2,4096.89,0
1024,CDK8,2,4096.89,0
1973,EIF4A1,2,3903.78,0
5604,MAP2K1,2,3470.28,0
595,CCND1,2,3470.28,0
10928,RALBP1,2,3470.28,0
5578,PRKCA,2,3470.28,0
1020,CDK5,2,3470.28,0
4067,LYN,2,3470.28,0
1869,E2F1,2,3343.89,0
4089,SMAD4,2,3340.95,0
841,CASP8,2,3064,0
23479,ISCU,2,3064,0
5111,PCNA,2,3064,0
8453,CUL2,2,3064,0
4738,NEDD8,2,3058,0
8454,CUL1,2,3058,0
57531,HACE1,2,2951.24,0
4092,SMAD7,2,2802.94,0
6908,TBP,2,2295,0
6621,SNAPC4,2,2295,0
10413,YAP1,2,2034.14,0
1027,CDKN1B,2,1858.29,0
9793,CKAP5,2,1754.29,0
55904,KMT2E,2,1747.5,0
5499,PPP1CA,2,1747.5,0
142,PARP1,2,1732.14,0
22984,PDCD11,2,1669.03,0
23008,KLHDC10,2,1533,-0.885714285714286
1642,DDB1,2,1533,0
9191,DEDD,2,1533,0.942857142857143
81889,FAHD1,2,1533,0.942857142857143
27247,NFU1,2,1533,0.942857142857143
25888,ZNF473,2,1531,0
84967,LSM10,2,1531,0
3172,HNF4A,2,1525,0
4929,NR4A2,2,1525,0
6258,RXRG,2,1525,0
3164,NR4A1,2,1525,0
3174,HNF4G,2,1525,0
1161,ERCC8,2,1495.02,0
2074,ERCC6,2,1326.5,0
8878,SQSTM1,2,1053.97,0
22938,SNW1,2,943.92,0
5585,PKN1,2,754.99,0
58,ACTA1,2,737.85,0
7175,TPR,2,680.4,0
7341,SUMO1,2,641.86,0
54973,CPSF3L,2,641.86,0
7428,VHL,2,548.15,0
4620,MYH2,2,540.55,0
4622,MYH4,2,540.55,0
4851,NOTCH1,2,474.77,0
2146,EZH2,2,460.84,0
4659,PPP1R12A,2,460.84,0
3006,HIST1H1C,2,426.03,0.942857142857143
6500,SKP1,2,400.86,0
10482,NXF1,2,399.38,0
9373,PLAA,2,399.03,0
675,BRCA2,2,364.75,0
653361,NCF1,2,362.8,0
207,AKT1,2,362.8,0
84552,PARD6G,2,362.8,0
50855,PARD6A,2,362.8,0
7074,TIAM1,2,362.8,0
5584,PRKCI,2,362.8,0
84612,PARD6B,2,362.8,0
10291,SF3A1,2,307.36,0
23450,SF3B3,2,307.36,0
6627,SNRPA1,2,307.36,0
27339,PRPF19,2,307.36,0
23451,SF3B1,2,307.36,0
51362,CDC40,2,307.36,0
4236,MFAP1,2,307.36,0
988,CDC5L,2,307.36,0
51340,CRNKL1,2,307.36,0
896,CCND3,2,303.99,0
1432,MAPK14,2,297.43,0
6300,MAPK12,2,297.43,0
4217,MAP3K5,2,297.43,0
4215,MAP3K3,2,297.43,0
4216,MAP3K4,2,297.43,0
8766,RAB11A,2,289.04,0
7531,YWHAE,2,286.96,0
7532,YWHAG,2,286.96,0
10121,ACTR1A,2,286.96,0
51388,NIP7,2,280.66,0
23212,RRS1,2,280.66,0
1736,DKC1,2,280.66,0
51154,MRTO4,2,280.66,0
26354,GNL3,2,280.66,0
9295,SRSF11,2,221.43,0
3192,HNRNPU,2,221.43,0
7307,U2AF1,2,221.43,0
3190,HNRNPK,2,221.43,0
2932,GSK3B,2,216.86,0
59349,KLHL12,2,203.69,0
23072,HECW1,2,203.69,0
26043,UBXN7,2,184.11,0
10277,UBE4B,2,184.11,0
7337,UBE3A,2,184.11,0
1660,DHX9,2,146.34,0
10250,SRRM1,2,146.34,0
11338,U2AF2,2,146.34,0
6502,SKP2,2,142.82,0
375,ARF1,2,133.87,0
120892,LRRK2,2,128.3,0
9150,CTDP1,2,112.37,0
84617,TUBB6,2,91.23,0
81027,TUBB1,2,91.23,0
84790,TUBA1C,2,91.23,0
347733,TUBB2B,2,91.23,0
7280,TUBB2A,2,91.23,0
5822,PWP2,2,81.38,0
84916,UTP4,2,81.38,0
85409,NKD2,2,52.79,0
59,ACTA2,2,47.94,0
130502,TTC32,2,31.68,-1
54822,TRPM7,2,27.78,0
5905,RANGAP1,2,27.53,0
7514,XPO1,2,27.53,0
7322,UBE2D2,2,24.17,0
137886,UBXN2B,2,17.8,-0.885714285714286
7251,TSG101,2,10.75,0
51160,VPS28,2,10.75,0
80227,PAAF1,2,1.77,0
5880,RAC2,2,0.23,0
171177,RHOV,2,0.23,0
54509,RHOF,2,0.23,0
58480,RHOU,2,0.23,0
9886,RHOBTB1,2,0.23,0
57381,RHOJ,2,0.23,0
399,RHOH,2,0.23,0
29984,RHOD,2,0.23,0
5881,RAC3,2,0.23,0
391,RHOG,2,0.23,0
23221,RHOBTB2,2,0.23,0
6193,RPS5,2,0,0
55770,EXOC2,2,0,0
54536,EXOC6,2,0,0
10890,RAB10,2,0,0
5871,MAP4K2,2,0,0
5898,RALA,2,0,0
60412,EXOC4,2,0,0
10486,CAP2,2,0,0
23339,VPS39,2,0,0
57617,VPS18,2,0,0
27072,VPS41,2,0,0
6810,STX4,2,0,0
8976,WASL,2,0,0
7471,WNT1,2,0,0
2535,FZD2,2,0,0
7474,WNT5A,2,0,0
55763,EXOC1,2,0,0
5337,PLD1,2,0,0
56924,PAK6,2,0,0
10458,BAIAP2,2,0,0
8826,IQGAP1,2,0,0
57144,PAK5,2,0,0
5829,PXN,2,0,0
23265,EXOC7,2,0,0
6844,VAMP2,2,0,0
8324,FZD7,2,0,0
3611,ILK,2,0,0
3265,HRAS,2,0,0
8321,FZD1,2,0,0
103910,MYL12B,2,0,0
71,ACTG1,2,0,0
4628,MYH10,2,0,0
143471,PSMA8,2,0,0
9491,PSMF1,2,0,0
5694,PSMB6,2,0,0
27175,TUBG2,2,0,0
7283,TUBG1,2,0,0
8312,AXIN1,2,0,0
324,APC,2,0,0
2810,SFN,2,0,0
81620,CDT1,2,0,0
4173,MCM4,2,0,0
545,ATR,2,0,0
993,CDC25A,2,0,0
4999,ORC2,2,0,0
8317,CDC7,2,0,0
4171,MCM2,2,0,0
4172,MCM3,2,0,0
4174,MCM5,2,0,0
990,CDC6,2,0,0
8900,CCNA1,2,0,0
1058,CENPA,2,0,0
55143,CDCA8,2,0,0
5063,PAK3,2,0,0
4593,MUSK,2,0,0
10298,PAK4,2,0,0
5602,MAPK10,2,0,0
3843,IPO5,2,0,0
3837,KPNB1,2,0,0
991,CDC20,2,0,0
81930,KIF18A,2,0,0
3832,KIF11,2,0,0
84515,MCM8,2,0,0
9184,BUB3,2,0,0
9918,NCAPD2,2,0,0
5347,PLK1,2,0,0
699,BUB1,2,0,0
6790,AURKA,2,0,0
4085,MAD2L1,2,0,0
64682,ANAPC1,2,0,0
3619,INCENP,2,0,0
9133,CCNB2,2,0,0
701,BUB1B,2,0,0
9493,KIF23,2,0,0
10393,ANAPC10,2,0,0
6133,RPL9,2,0,0
28998,MRPL13,2,0,0
6136,RPL12,2,0,0
6202,RPS8,2,0,0
23480,SEC61G,2,0,0
6128,RPL6,2,0,0
6146,RPL22,2,0,0
51187,RSL24D1,2,0,0
23521,RPL13A,2,0,0
6130,RPL7A,2,0,0
6122,RPL3,2,0,0
6159,RPL29,2,0,0
6187,RPS2,2,0,0
6169,RPL38,2,0,0
4736,RPL10A,2,0,0
1938,EEF2,2,0,0
116832,RPL39L,2,0,0
6152,RPL24,2,0,0
200916,RPL22L1,2,0,0
114987,WDR31,2,0,0
6157,RPL27A,2,0,0
6124,RPL4,2,0,0
285855,RPL7L1,2,0,0
6155,RPL27,2,0,0
387129,NPSR1,2,0,0
140801,RPL10L,2,0,0
51121,RPL26L1,2,0,0
11224,RPL35,2,0,0
6228,RPS23,2,0,0
25873,RPL36,2,0,0
6137,RPL13,2,0,0
6206,RPS12,2,0,0
51319,RSRC1,2,0,0
6218,RPS17,2,0,0
6154,RPL26,2,0,0
6134,RPL10,2,0,0
6175,RPLP0,2,0,0
6170,RPL39,2,0,0
6123,RPL3L,2,0,0
6166,RPL36AL,2,0,0
9045,RPL14,2,0,0
51073,MRPL4,2,0,0
6164,RPL34,2,0,0
6176,RPLP1,2,0,0
6144,RPL21,2,0,0
6167,RPL37,2,0,0
6181,RPLP2,2,0,0
10445,MCRS1,2,0,0
54617,INO80,2,0,0
79913,ACTR5,2,0,0
93973,ACTR8,2,0,0
6160,RPL31,2,0,0
NA,,2,0,0
23198,PSME4,2,0,0
5693,PSMB5,2,0,0
122706,PSMB11,2,0,0
80789,INTS5,2,0,0
25896,INTS7,2,0,0
26512,INTS6,2,0,0
57508,INTS2,2,0,0
55174,INTS10,2,0,0
24148,PRPF6,2,0,0
6632,SNRPD1,2,0,0
9092,SART1,2,0,0
23020,SNRNP200,2,0,0
6633,SNRPD2,2,0,0
8936,WASF1,2,0,0
4478,MSN,2,0,0
10787,NCKAP1,2,0,0
4952,OCRL,2,0,0
4644,MYO5A,2,0,0
1111,CHEK1,2,0,0
5601,MAPK9,2,0,0
10640,EXOC5,2,0,0
51317,PHF21A,2,0,0
6635,SNRPE,2,0,0
6173,RPL36A,2,0,0
6628,SNRPB,2,0,0
10189,ALYREF,2,0,0
10399,RACK1,2,0,0
9948,WDR1,2,0,0
29093,MRPL22,2,0,0
55845,BRK1,2,0,0
4798,NFRKB,2,0,0
283899,INO80E,2,0,0
6139,RPL17,2,0,0
6617,SNAPC1,1,0,0
27292,DIMT1,1,0,0
11103,KRR1,1,0,0
6697,SPR,1,0,0
8724,SNX3,1,0,0
29090,TIMM21,1,0,0
4087,SMAD2,1,0,0
57761,TRIB3,1,0,0
27161,AGO2,1,0,0
23197,FAF2,1,0,0
79139,DERL1,1,0,0
54454,ATAD2B,1,0,0
9525,VPS4B,1,0,0
27183,VPS4A,1,0,0
51510,CHMP5,1,0,0
56915,EXOSC5,1,0,0
6801,STRN,1,0,0
57464,STRIP2,1,0,0
5516,PPP2CB,1,0,0
83992,CTTNBP2,1,0,0
8189,SYMPK,1,0,0
51692,CPSF3,1,0,0
51659,GINS2,1,0,0
51655,RASD1,1,0,0
2099,ESR1,1,0,0
94121,SYTL4,1,0,0
55930,MYO5C,1,0,0
4645,MYO5B,1,0,0
10133,OPTN,1,0,0
10254,STAM2,1,0,0
9733,SART3,1,0,0
7375,USP4,1,0,0
85464,SSH2,1,0,0
70,ACTC1,1,0,0
5864,RAB3A,1,0,0
5875,RABGGTA,1,0,0
4931,NVL,1,0,0
54663,WDR74,1,0,0
55131,RBM28,1,0,0
55759,WDR12,1,0,0
10412,NSA2,1,0,0
57696,DDX55,1,0,0
54606,DDX56,1,0,0
10153,CEBPZ,1,0,0
275,AMT,1,0,0
5723,PSPH,1,0,0
65083,NOL6,1,0,0
47,ACLY,1,0,0
2806,GOT2,1,0,0
3417,IDH1,1,0,0
4200,ME2,1,0,0
255488,RNF144B,1,0,0
9781,RNF144A,1,0,0
11059,WWP1,1,0,0
25897,RNF19A,1,0,0
8239,USP9X,1,0,0
867,CBL,1,0,0
23113,CUL9,1,0,0
7317,UBA1,1,0,0
10075,HUWE1,1,0,0
580,BARD1,1,0,0
57551,TAOK1,1,0,0
10746,MAP3K2,1,0,0
9344,TAOK2,1,0,0
1155,TBCB,1,0,0
402,ARL2,1,0,0
10376,TUBA1B,1,0,0
6198,RPS6KB1,1,0,0
4843,NOS2,1,0,0
6237,RRAS,1,0,0
4233,MET,1,0,0
2064,ERBB2,1,0,0
10811,NOXA1,1,0,0
5595,MAPK3,1,0,0
29,ABR,1,0,0
5747,PTK2,1,0,0
8997,KALRN,1,0,0
4296,MAP3K11,1,0,0
6249,CLIP1,1,0,0
2335,FN1,1,0,0
2534,FYN,1,0,0
3791,KDR,1,0,0
23396,PIP5K1C,1,0,0
7204,TRIO,1,0,0
4790,NFKB1,1,0,0
10788,IQGAP2,1,0,0
392,ARHGAP1,1,0,0
50650,ARHGEF3,1,0,0
55114,ARHGAP17,1,0,0
1666,DECR1,1,0,0
5335,PLCG1,1,0,0
5910,RAP1GDS1,1,0,0
2049,EPHB3,1,0,0
5364,PLXNB1,1,0,0
23647,ARFIP2,1,0,0
5603,MAPK13,1,0,0
55738,ARFGAP1,1,0,0
8395,PIP5K1B,1,0,0
3815,KIT,1,0,0
1793,DOCK1,1,0,0
5330,PLCB2,1,0,0
2775,GNAO1,1,0,0
7984,ARHGEF5,1,0,0
5288,PIK3C2G,1,0,0
85440,DOCK7,1,0,0
7481,WNT11,1,0,0
6774,STAT3,1,0,0
4690,NCK1,1,0,0
10152,ABI2,1,0,0
857,CAV1,1,0,0
5291,PIK3CB,1,0,0
1843,DUSP1,1,0,0
9138,ARHGEF1,1,0,0
116984,ARAP2,1,0,0
8853,ASAP2,1,0,0
63916,ELMO2,1,0,0
6655,SOS2,1,0,0
5159,PDGFRB,1,0,0
50649,ARHGEF4,1,0,0
9844,ELMO1,1,0,0
1894,ECT2,1,0,0
6794,STK11,1,0,0
613,BCR,1,0,0
57572,DOCK6,1,0,0
2770,GNAI1,1,0,0
57630,SH3RF1,1,0,0
397,ARHGDIB,1,0,0
8871,SYNJ2,1,0,0
285590,SH3PXD2B,1,0,0
5605,MAP2K2,1,0,0
1124,CHN2,1,0,0
6242,RTKN,1,0,0
29109,FHOD1,1,0,0
6548,SLC9A1,1,0,0
25791,NGEF,1,0,0
57522,SRGAP1,1,0,0
1794,DOCK2,1,0,0
10276,NET1,1,0,0
5290,PIK3CA,1,0,0
7525,YES1,1,0,0
80243,PREX2,1,0,0
395,ARHGAP6,1,0,0
7097,TLR2,1,0,0
26286,ARFGAP3,1,0,0
3932,LCK,1,0,0
1495,CTNNA1,1,0,0
9644,SH3PXD2A,1,0,0
382,ARF6,1,0,0
398,ARHGDIG,1,0,0
5600,MAPK11,1,0,0
1535,CYBA,1,0,0
57679,ALS2,1,0,0
115557,ARHGEF25,1,0,0
7412,VCAM1,1,0,0
5971,RELB,1,0,0
139818,DOCK11,1,0,0
50619,DEF6,1,0,0
91584,PLXNA4,1,0,0
3012,HIST1H2AE,1,0,0
94239,H2AFV,1,0,0
3013,HIST1H2AD,1,0,0
8334,HIST1H2AC,1,0,0
221613,HIST1H2AA,1,0,0
8338,HIST2H2AC,1,0,0
3021,H3F3B,1,0,0
3015,H2AFZ,1,0,0
8331,HIST1H2AJ,1,0,0
54556,ING3,1,0,0
11329,STK38,1,0,0
147179,WIPF2,1,0,0
10576,CCT2,1,0,0
4619,MYH1,1,0,0
4624,MYH6,1,0,0
23603,CORO1C,1,0,0
7082,TJP1,1,0,0
2597,GAPDH,1,0,0
1073,CFL2,1,0,0
5217,PFN2,1,0,0
10524,KAT5,1,0,0
4625,MYH7,1,0,0
6598,SMARCB1,1,0,0
10694,CCT8,1,0,0
57644,MYH7B,1,0,0
5500,PPP1CB,1,0,0
10109,ARPC2,1,0,0
10096,ACTR3,1,0,0
10552,ARPC1A,1,0,0
5204,PFDN5,1,0,0
6601,SMARCC2,1,0,0
10574,CCT7,1,0,0
5580,PRKCD,1,0,0
8295,TRRAP,1,0,0
1387,CREBBP,1,0,0
11151,CORO1A,1,0,0
4643,MYO1E,1,0,0
1915,EEF1A1,1,0,0
6950,TCP1,1,0,0
55929,DMAP1,1,0,0
10095,ARPC1B,1,0,0
80314,EPC1,1,0,0
8089,YEATS4,1,0,0
10094,ARPC3,1,0,0
5201,PFDN1,1,0,0
6599,SMARCC1,1,0,0
10933,MORF4L1,1,0,0
6605,SMARCE1,1,0,0
10810,WASF3,1,0,0
8735,MYH13,1,0,0
22989,MYH15,1,0,0
7203,CCT3,1,0,0
3146,HMGB1,1,0,0
908,CCT6A,1,0,0
8850,KAT2B,1,0,0
5216,PFN1,1,0,0
375189,PFN4,1,0,0
11034,DSTN,1,0,0
22948,CCT5,1,0,0
5338,PLD2,1,0,0
1173,AP2M1,1,0,0
1175,AP2S1,1,0,0
10053,AP1M2,1,0,0
8905,AP1S2,1,0,0
1213,CLTC,1,0,0
1174,AP1S1,1,0,0
1785,DNM2,1,0,0
10980,COPS6,1,0,0
10892,MALT1,1,0,0
9318,COPS2,1,0,0
7345,UCHL1,1,0,0
3091,HIF1A,1,0,0
51138,COPS4,1,0,0
64708,COPS7B,1,0,0
122769,LRR1,1,0,0
1448,CSN3,1,0,0
9260,PDLIM7,1,0,0
1643,DDB2,1,0,0
2671,GFER,1,0,0
8533,COPS3,1,0,0
10920,COPS8,1,0,0
29959,NRBP1,1,0,0
4282,MIF,1,0,0
7186,TRAF2,1,0,0
11236,RNF139,1,0,0
84861,KLHL22,1,0,0
50813,COPS7A,1,0,0
1447,CSN2,1,0,0
55364,IMPACT,1,0,0
1659,DHX8,1,0,0
25949,SYF2,1,0,0
57461,ISY1,1,0,0
8896,BUD31,1,0,0
55702,CCDC94,1,0,0
3312,HSPA8,1,0,0
5721,PSME2,1,0,0
10197,PSME3,1,0,0
55176,SEC61A2,1,0,0
29927,SEC61A1,1,0,0
79058,ASPSCR1,1,0,-0.885714285714286
10971,YWHAQ,1,0,0
9575,CLOCK,1,0,0
7534,YWHAZ,1,0,0
10142,AKAP9,1,0,0
7533,YWHAH,1,0,0
7529,YWHAB,1,0,0
5187,PER1,1,0,0
79365,BHLHE41,1,0,0
8864,PER2,1,0,0
100506658,OCLN,1,0,0
4862,NPAS2,1,0,0
1407,CRY1,1,0,0
8837,CFLAR,1,0,0
835,CASP2,1,0,0
331,XIAP,1,0,0
843,CASP10,1,0,0
598,BCL2L1,1,0,0
3002,GZMB,1,0,0
3309,HSPA5,1,0,0
63967,CLSPN,1,0,0
79444,BIRC7,1,0,0
842,CASP9,1,0,0
836,CASP3,1,0,0
330,BIRC3,1,0,0
7431,VIM,1,0,0
2780,GNAT2,1,0,0
10681,GNB5,1,0,0
2784,GNB3,1,0,0
59345,GNB4,1,0,0
2783,GNB2,1,0,0
4176,MCM7,1,0,0
23649,POLA2,1,0,0
254394,MCM9,1,0,0
5001,ORC5,1,0,0
5427,POLE2,1,0,0
10926,DBF4,1,0,0
23595,ORC3,1,0,0
4175,MCM6,1,0,0
23594,ORC6,1,0,0
8520,HAT1,1,0,0
5000,ORC4,1,0,0
2965,GTF2H1,1,0,0
5434,POLR2E,1,0,0
171568,POLR3H,1,0,0
6741,SSB,1,0,0
11128,POLR3A,1,0,0
221830,TWISTNB,1,0,0
6117,RPA1,1,0,0
55703,POLR3B,1,0,0
5440,POLR2K,1,0,0
1108,CHD4,1,0,0
25885,POLR1A,1,0,0
79101,TAF1D,1,0,0
51728,POLR3K,1,0,0
5441,POLR2L,1,0,0
7343,UBTF,1,0,0
57062,DDX24,1,0,0
84172,POLR1B,1,0,0
10623,POLR3C,1,0,0
661,POLR3D,1,0,0
51082,POLR1D,1,0,0
55290,BRF2,1,0,0
7270,TTF1,1,0,0
55718,POLR3E,1,0,0
140890,SREK1,1,0,0
5093,PCBP1,1,0,0
10949,HNRNPA0,1,0,0
6427,SRSF2,1,0,0
5094,PCBP2,1,0,0
8106,PABPN1,1,0,0
3313,HSPA9,1,0,0
9054,NFS1,1,0,0
51540,SCLY,1,0,0
50,ACO2,1,0,0
81894,SLC25A28,1,0,0
2058,EPRS,1,0,0
2193,FARSA,1,0,0
10667,FARS2,1,0,0
5894,RAF1,1,0,0
5170,PDPK1,1,0,0
10000,AKT3,1,0,0
9253,NUMBL,1,0,0
7189,TRAF6,1,0,0
8650,NUMB,1,0,0
3716,JAK1,1,0,0
5074,PAWR,1,0,0
56288,PARD3,1,0,0
5037,PEBP1,1,0,0
2888,GRB14,1,0,0
27130,INVS,1,0,0
1457,CSNK2A1,1,0,0
8325,FZD8,1,0,0
144165,PRICKLE1,1,0,0
4854,NOTCH3,1,0,0
85407,NKD1,1,0,0
57216,VANGL2,1,0,0
7976,FZD3,1,0,0
4853,NOTCH2,1,0,0
128272,ARHGEF19,1,0,0
4040,LRP6,1,0,0
11211,FZD10,1,0,0
166336,PRICKLE2,1,0,0
51339,DACT1,1,0,0
8313,AXIN2,1,0,0
8323,FZD6,1,0,0
81839,VANGL1,1,0,0
7479,WNT8B,1,0,0
4041,LRP5,1,0,0
10023,FRAT1,1,0,0
7855,FZD5,1,0,0
2931,GSK3A,1,0,0
4920,ROR2,1,0,0
89780,WNT3A,1,0,0
7405,UVRAG,1,0,0
51430,SUCO,1,0,0
9392,TGFBRAP1,1,0,0
65082,VPS33A,1,0,0
5810,RAD1,1,0,0
5902,RANBP1,1,0,0
1104,RCC1,1,0,0
9972,NUP153,1,0,0
23534,TNPO3,1,0,0
10762,NUP50,1,0,0
23214,XPO6,1,0,0
10073,SNUPN,1,0,0
3838,KPNA2,1,0,0
11260,XPOT,1,0,0
57510,XPO5,1,0,0
8498,RANBP3,1,0,0
727851,RGPD8,1,0,0
1434,CSE1L,1,0,0
9670,IPO13,1,0,0
84220,RGPD5,1,0,0
3842,TNPO1,1,0,0
1964,EIF1AX,1,0,0
29098,RANGRF,1,0,0
23636,NUP62,1,0,0
10204,NUTF2,1,0,0
79902,NUP85,1,0,0
596,BCL2,1,0,0
113130,CDCA5,1,0,0
4001,LMNB1,1,0,0
55872,PBK,1,0,0
4751,NEK2,1,0,0
4134,MAP4,1,0,0
8881,CDC16,1,0,0
3009,HIST1H1B,1,0,0
1022,CDK7,1,0,0
898,CCNE1,1,0,0
5867,RAB4A,1,0,0
5909,RAP1GAP,1,0,0
23399,CTDNEP1,1,0,0
3708,ITPR1,1,0,0
1026,CDKN1A,1,0,0
10657,KHDRBS1,1,0,0
8697,CDC23,1,0,0
8556,CDC14A,1,0,0
5576,PRKAR2A,1,0,0
4661,MYT1,1,0,0
5339,PLEC,1,0,0
10763,NES,1,0,0
3726,JUNB,1,0,0
9088,PKMYT1,1,0,0
10051,SMC4,1,0,0
9232,PTTG1,1,0,0
4654,MYOD1,1,0,0
7027,TFDP1,1,0,0
1163,CKS1B,1,0,0
890,CCNA2,1,0,0
10733,PLK4,1,0,0
5300,PIN1,1,0,0
8555,CDC14B,1,0,0
902,CCNH,1,0,0
1033,CDKN3,1,0,0
5933,RBL1,1,0,0
26271,FBXO5,1,0,0
1019,CDK4,1,0,0
1870,E2F2,1,0,0
9055,PRC1,1,0,0
81565,NDEL1,1,0,0
5577,PRKAR2B,1,0,0
827,CAPN6,1,0,0
2308,FOXO1,1,0,0
9600,PITPNM1,1,0,0
10592,SMC2,1,0,0
64689,GORASP1,1,0,0
5727,PTCH1,1,0,0
5422,POLA1,1,0,0
5571,PRKAG1,1,0,0
1021,CDK6,1,0,0
4605,MYBL2,1,0,0
2305,FOXM1,1,0,0
10912,GADD45G,1,0,0
3024,HIST1H1A,1,0,0
25939,SAMHD1,1,0,0
3005,H1F0,1,0,0
1164,CKS2,1,0,0
7083,TK1,1,0,0
3306,HSPA2,1,0,0
5579,PRKCB,1,0,0
7248,TSC1,1,0,0
1874,E2F4,1,0,0
1647,GADD45A,1,0,0
1871,E2F3,1,0,0
995,CDC25C,1,0,0
9738,CCP110,1,0,0
5934,RBL2,1,0,0
800,CALD1,1,0,0
994,CDC25B,1,0,0
9134,CCNE2,1,0,0
3159,HMGA1,1,0,0
28984,RGCC,1,0,0
5581,PRKCE,1,0,0
6241,RRM2,1,0,0
85417,CCNB3,1,0,0
6231,RPS26,1,0,0
29088,MRPL15,1,0,0
6191,RPS4X,1,0,0
6210,RPS15A,1,0,0
54948,MRPL16,1,0,0
7284,TUFM,1,0,0
6189,RPS3A,1,0,0
6217,RPS16,1,0,0
79590,MRPL24,1,0,0
11222,MRPL3,1,0,0
6201,RPS7,1,0,0
3921,RPSA,1,0,0
3516,RBPJ,1,0,0
165918,RNF168,1,0,0
283248,RCOR2,1,0,0
114799,ESCO1,1,0,0
3642,INSM1,1,0,0
9203,ZMYM3,1,0,0
9219,MTA2,1,0,0
7764,ZNF217,1,0,0
1786,DNMT1,1,0,0
6591,SNAI2,1,0,0
639,PRDM1,1,0,0
1487,CTBP1,1,0,0
602,BCL3,1,0,0
6615,SNAI1,1,0,0
7957,EPM2A,1,0,0
11091,WDR5,1,0,0
6208,RPS14,1,0,0
8668,EIF3I,1,0,0
6222,RPS18,1,0,0
1974,EIF4A2,1,0,0
65003,MRPL11,1,0,0
11047,ADRM1,1,0,0
5711,PSMD5,1,0,0
23392,KIAA0368,1,0,0
4905,NSF,1,0,0
5887,RAD23B,1,0,0
9097,USP14,1,0,0
90459,ERI1,1,0,0
79643,CHMP6,1,0,0
8178,ELL,1,0,0
84313,VPS25,1,0,0
51028,VPS36,1,0,0
26173,INTS1,1,0,0
3315,HSPB1,1,0,0
25827,FBXL2,1,0,0
151648,SGO1,1,0,0
55294,FBXW7,1,0,0
10112,KIF20A,1,0,0
7813,EVI5,1,0,0
1674,DES,1,0,0
54888,NSUN2,1,0,0
84643,KIF2B,1,0,0
5510,PPP1R7,1,0,0
25936,NSL1,1,0,0
24137,KIF4A,1,0,0
10982,MAPRE2,1,0,0
22924,MAPRE3,1,0,0
83903,GSG2,1,0,0
4869,NPM1,1,0,0
6795,AURKC,1,0,0
6232,RPS27,1,0,0
23397,NCAPH,1,0,0
6839,SUV39H1,1,0,0
22919,MAPRE1,1,0,0
10403,NDC80,1,0,0
84962,AJUBA,1,0,0
83540,NUF2,1,0,0
8379,MAD1L1,1,0,0
1062,CENPE,1,0,0
5921,RASA1,1,0,0
5524,PTPA,1,0,0
5885,RAD21,1,0,0
6867,TACC1,1,0,0
11004,KIF2C,1,0,0
55958,KLHL9,1,0,0
1060,CENPC,1,0,0
3796,KIF2A,1,0,0
8290,HIST3H3,1,0,0
202,AIM1,1,0,0
90293,KLHL13,1,0,0
81669,CCNL2,1,0,0
57018,CCNL1,1,0,0
1738,DLD,1,0,0
84844,PHF5A,1,0,0
10914,PAPOLA,1,0,0
10627,MYL12A,1,0,0
93408,MYL10,1,0,0
58498,MYL7,1,0,0
54433,GAR1,1,0,0
4633,MYL2,1,0,0
1337,COX6A1,1,0,0
79084,WDR77,1,0,0
6626,SNRPA,1,0,0
10199,MPHOSPH10,1,0,0
6631,SNRPC,1,0,0
6629,SNRPB2,1,0,0
1340,COX6B1,1,0,0
1350,COX7C,1,0,0
51691,LSM8,1,0,0
51690,LSM7,1,0,0
9997,SCO2,1,0,0
1327,COX4I1,1,0,0
55226,NAT10,1,0,0
116540,MRPL53,1,0,0
1329,COX5B,1,0,0
92856,IMP4,1,0,0
96764,TGS1,1,0,0
8634,RTCA,1,0,0
9984,THOC1,1,0,0
27340,UTP20,1,0,0
55813,UTP6,1,0,0
58517,RBM25,1,0,0
506,ATP5B,1,0,0
23293,SMG6,1,0,0
2033,EP300,1,0,0
56902,PNO1,1,0,0
8975,USP13,1,0,0
22794,CASC3,1,0,0
10891,PPARGC1A,1,0,0
54464,XRN1,1,0,0
4704,NDUFA9,1,0,0
6636,SNRPF,1,0,0
9785,DHX38,1,0,0
9611,NCOR1,1,0,0
10907,TXNL4A,1,0,0
56006,SMG9,1,0,0
79760,GEMIN7,1,0,0
10469,TIMM44,1,0,0
6282,S100A11,1,0,0
6637,SNRPG,1,0,0
5433,POLR2D,1,0,0
9616,RNF7,1,0,0
166378,SPATA5,1,0,0
153527,ZMAT2,1,0,0
65109,UPF3B,1,0,0
10398,MYL9,1,0,0
823,CAPN1,1,0,0
79833,GEMIN6,1,0,0
498,ATP5A1,1,0,0
25929,GEMIN5,1,0,0
267,AMFR,1,0,0
8888,MCM3AP,1,0,0
10898,CPSF4,1,0,0
6777,STAT5B,1,0,0
5937,RBMS1,1,0,0
824,CAPN2,1,0,0
2168,FABP1,1,0,0
80335,WDR82,1,0,0
11157,LSM6,1,0,0
84135,UTP15,1,0,0
1345,COX6C,1,0,0
25879,DCAF13,1,0,0
142940,TRUB1,1,0,0
53981,CPSF2,1,0,0
55737,VPS35,1,0,0
5469,MED1,1,0,0
55181,SMG8,1,0,0
5436,POLR2G,1,0,0
27258,LSM3,1,0,0
2357,FPR1,1,0,0
136647,MPLKIP,1,0,0
10421,CD2BP2,1,0,0
79029,SPATA5L1,1,0,0
6638,SNRPN,1,0,0
10465,PPIH,1,0,0
51068,NMD3,1,0,0
54205,CYCS,1,0,0
10885,WDR3,1,0,0
8487,GEMIN2,1,0,0
7388,UQCRH,1,0,0
27257,LSM1,1,0,0
57647,DHX37,1,0,0
5519,PPP2R1B,1,0,0
3069,HDLBP,1,0,0
54961,SSH3,1,0,0
133522,PPARGC1B,1,0,0
84128,WDR75,1,0,0
9129,PRPF3,1,0,0
54512,EXOSC4,1,0,0
8602,NOP14,1,0,0
51025,PAM16,1,0,0
25843,MOB4,1,0,0
54434,SSH1,1,0,0
7334,UBE2N,1,0,0
5930,RBBP6,1,0,0
92609,TIMM50,1,0,0
137492,VPS37A,1,0,0
10992,SF3B2,1,0,0
10419,PRMT5,1,0,0
10938,EHD1,1,0,0
8648,NCOA1,1,0,0
115752,DIS3L,1,0,0
51010,EXOSC3,1,0,0
11336,EXOC3,1,0,0
79039,DDX54,1,0,0
26121,PRPF31,1,0,0
93343,MVB12A,1,0,0
29895,MYLPF,1,0,0
55339,WDR33,1,0,0
10494,STK25,1,0,0
6432,SRSF7,1,0,0
79228,THOC6,1,0,0
55432,YOD1,1,0,0
55272,IMP3,1,0,0
8204,NRIP1,1,0,0
4729,NDUFV2,1,0,0
6667,SP1,1,0,0
9146,HGS,1,0,0
55666,NPLOC4,1,0,0
3418,IDH2,1,0,0
55505,NOP10,1,0,0
29796,UQCR10,1,0,0
4088,SMAD3,1,0,0
9230,RAB11B,1,0,0
30,ACAA1,1,0,0
55629,PNRC2,1,0,0
81608,FIP1L1,1,0,0
55795,PCID2,1,0,0
84324,SARNP,1,0,0
7016,TESK1,1,0,0
54552,GNL3L,1,0,0
55299,BRIX1,1,0,0
63894,VIPAS39,1,0,0
23076,RRP1B,1,0,0
3985,LIMK2,1,0,0
6776,STAT5A,1,0,0
23708,GSPT2,1,0,0
1431,CS,1,0,0
5962,RDX,1,0,0
9577,BRE,1,0,0
7874,USP7,1,0,0
55954,ZMAT5,1,0,0
4734,NEDD4,1,0,0
258010,SVIP,1,0,0
6275,S100A4,1,0,0
23481,PES1,1,0,0
7328,UBE2H,1,0,0
55015,PRPF39,1,0,0
10438,C1D,1,0,0
11060,WWP2,1,0,0
26019,UPF2,1,0,0
10425,ARIH2,1,0,0
5789,PTPRD,1,0,0
8736,MYOM1,1,0,0
7068,THRB,1,0,0
509,ATP5C1,1,0,0
29966,STRN3,1,0,0
50807,ASAP1,1,0,0
1121,CHM,1,0,0
2050,EPHB4,1,0,0
1969,EPHA2,1,0,0
9652,TTC37,1,0,0
79159,NOL12,1,0,0.885714285714286
5294,PIK3CG,1,0,0
9179,AP4M1,1,0,0
8336,HIST1H2AM,1,0,0
7456,WIPF1,1,0,0
10092,ARPC5,1,0,0
5792,PTPRF,1,0,0
9643,MORF4L2,1,0,0
2107,ETF1,1,0,0
23560,GTPBP4,1,0,0
6238,RRBP1,1,0,0
9039,UBA3,1,0,0
128239,IQGAP3,1,0,0
4512,MT-CO1,1,0,0
4519,MT-CYB,1,0,0
2736,GLI2,1,0,0
11214,AKAP13,1,0,0
89853,MVB12B,1,0,0
9181,ARHGEF2,1,0,0
4513,MT-CO2,1,0,0
1756,DMD,1,0,0
4514,MT-CO3,1,0,0
8863,PER3,1,0,0
23381,SMG5,1,0,0
23038,WDTC1,1,0,-0.885714285714286
1122,CHML,1,0,0
2271,FH,1,0,0
88,ACTN2,1,0,0
55127,HEATR1,1,0,0
6905,TBCE,1,0,0
92815,HIST3H2A,1,0,0
3020,H3F3A,1,0,0
5071,PARK2,1,0,0
5877,RABIF,1,0,0
10440,TIMM17A,1,0,0
25902,MTHFD1L,1,0,0
4688,NCF2,1,0,0
7402,UTRN,1,0,0
83443,SF3B5,1,0,0
5202,PFDN2,1,0,0
9826,ARHGEF11,1,0,0
103,ADAR,1,0,0
5872,RAB13,1,0,0
92565,FANK1,1,0,0
8394,PIP5K1A,1,0,0
6944,VPS72,1,0,0
23097,CDK19,1,0,0
11196,SEC23IP,1,0,0
79184,BRCC3,1,0,0
4893,NRAS,1,0,0
8266,UBL4A,1,0,0
11218,DDX20,1,0,0
4199,ME1,1,0,0
85369,STRIP1,1,0,0
2773,GNAI3,1,0,0
4646,MYO6,1,0,0
9221,NOLC1,1,0,0
6814,STXBP3,1,0,0
10451,VAV3,1,0,0
8945,BTRC,1,0,0
55257,MRGBP,1,0,0
2959,GTF2B,1,0,0
80135,RPF1,1,0,0
51013,EXOSC1,1,0,0
2778,GNAS,1,0,0
64318,NOC3L,1,0,0
5203,PFDN4,1,0,0
6342,SCP2,1,0,0
23203,PMPCA,1,0,0
2060,EPS15,1,0,0
55661,DDX27,1,0,0
11124,FAF1,1,0,0
7410,VAV2,1,0,0
6780,STAU1,1,0,0
1757,SARDH,1,0,0
5900,RALGDS,1,0,0
25,ABL1,1,0,0
23404,EXOSC2,1,0,0
1503,CTPS1,1,0,0
10487,CAP1,1,0,0
10450,PPIE,1,0,0
1478,CSTF2,1,0,0
10946,SF3A3,1,0,0
64769,MEAF6,1,0,0
55506,H2AFY2,1,0,0
127544,RNF19B,1,0,0
6732,SRPK1,1,0,0
51552,RAB14,1,0,0
6118,RPA2,1,0,0
23673,STX12,1,0,0
7099,TLR4,1,0,0
9790,BMS1,1,0,0
9277,WDR46,1,0,0
2048,EPHB2,1,0,0
5698,PSMB9,1,0,0
83737,ITCH,1,0,0
5696,PSMB8,1,0,0
7507,XPA,1,0,0
3014,H2AFX,1,0,0
65110,UPF3A,1,0,0
8451,CUL4A,1,0,0
57819,LSM2,1,0,0
8874,ARHGEF7,1,0,0
6850,SYK,1,0,0
1184,CLCN5,1,0,0
23348,DOCK9,1,0,0
8428,STK24,1,0,0
1676,DFFA,1,0,0
84447,SYVN1,1,0,0
221078,NSUN6,1,0,0
5293,PIK3CD,1,0,0
85235,HIST1H2AH,1,0,0
7347,UCHL3,1,0,0
10621,POLR3F,1,0,0
57449,PLEKHG5,1,0,0
64425,POLR1E,1,0,0
4609,MYC,1,0,0
10097,ACTR2,1,0,0
27237,ARHGEF16,1,0,0
1536,CYBB,1,0,0
27089,UQCRQ,1,0,0
4799,NFX1,1,0,0
5393,EXOSC9,1,0,0
25820,ARIH1,1,0,0
2665,GDI2,1,0,0
1107,CHD3,1,0,0
6902,TBCA,1,0,0
7114,TMSB4X,1,0,0
6606,SMN1,1,0,0
6619,SNAPC3,1,0,0
51371,POMP,1,0,0
1854,DUT,1,0,0
2971,GTF3A,1,0,0
6453,ITSN1,1,0,0
3717,JAK2,1,0,0
10171,RCL1,1,0,0
221178,SPATA13,1,0,0
394,ARHGAP5,1,0,0
131118,DNAJC19,1,0,0
5720,PSME1,1,0,0
2235,FECH,1,0,0
167227,DCP2,1,0,0
55766,H2AFJ,1,0,0
57634,EP400,1,0,0
11340,EXOSC8,1,0,0
406,ARNTL,1,0,0
29888,STRN4,1,0,0
208,AKT2,1,0,0
11235,PDCD10,1,0,0
8065,CUL5,1,0,0
5361,PLXNA1,1,0,0
164,AP1G1,1,0,0
116985,ARAP1,1,0,0
64333,ARHGAP9,1,0,0
5091,PC,1,0,0
10797,MTHFD2,1,0,0
9862,MED24,1,0,0
51765,STK26,1,0,0
87,ACTN1,1,0,0
5916,RARG,1,0,0
10575,CCT4,1,0,0
29117,BRD7,1,0,0
5866,RAB3IL1,1,0,0
6602,SMARCD1,1,0,0
9829,DNAJC6,1,0,0
27297,CRCP,1,0,0
441024,MTHFD2L,1,0,0
4773,NFATC2,1,0,0
4629,MYH11,1,0,0
130340,AP1S3,1,0,0
899,CCNF,1,0,0
4689,NCF4,1,0,0
5048,PAFAH1B1,1,0,0
23365,ARHGEF12,1,0,0
8563,THOC5,1,0,0
9933,PUM3,1,0,0
5119,CHMP1A,1,0,0
5609,MAP2K7,1,0,0
2047,EPHB1,1,0,0
729857,RGPD2,1,0,0
400966,RGPD1,1,0,0
9736,USP34,1,0,0
7478,WNT8A,1,0,0
29901,SAC3D1,1,0,0
1500,CTNND1,1,0,0
4839,NOP2,1,0,0
4214,MAP3K1,1,0,0
6093,ROCK1,1,0,0
4636,MYL5,1,0,0
9814,SFI1,1,0,0
23327,NEDD4L,1,0,0
9612,NCOR2,1,0,0
8450,CUL4B,1,0,0
4626,MYH8,1,0,0
6654,SOS1,1,0,0
2909,ARHGAP35,1,0,0
23029,RBM34,1,0,0
653489,RGPD3,1,0,0
285190,RGPD4,1,0,0
51194,IPO11,1,0,0
57703,CWC22,1,0,0
5861,RAB1A,1,0,0
11137,PWP1,1,0,0
10062,NR1H3,1,0,0
8907,AP1M1,1,0,0
6788,STK3,1,0,0
9698,PUM1,1,0,0
1936,EEF1D,1,0,0
11171,STRAP,1,0,0
87178,PNPT1,1,0,0
1875,E2F5,1,0,0
2935,GSPT1,1,0,0
118460,EXOSC6,1,0,0
392509,ARL13A,1,0,0
10672,GNA13,1,0,0
7465,WEE1,1,0,0
84154,RPF2,1,0,0
23049,SMG1,1,0,0
5435,POLR2F,1,0,0
6829,SUPT5H,1,0,0
79718,TBL1XR1,1,0,0
8318,CDC45,1,0,0
5923,RASGRF1,1,0,0
1408,CRY2,1,0,0
10969,EBNA1BP2,1,0,0
55898,UNC45A,1,0,0
81704,DOCK8,1,0,0
3925,STMN1,1,0,0
23658,LSM5,1,0,0
100534599,ISY1-RAB43,1,0,0
10015,PDCD6IP,1,0,0
55758,RCOR3,1,0,0
80344,DCAF11,1,0,0
51686,OAZ3,1,0,0
2801,GOLGA2,1,0,0
6434,TRA2B,1,0,0
85441,HELZ2,1,0,0
8568,RRP1,1,0,0
84301,DDI2,1,0,-0.942857142857143
5528,PPP2R5D,1,0,0
58477,SRPRB,1,0,0
672,BRCA1,1,0,0
6091,ROBO1,1,0,0
7029,TFDP2,1,0,0
4651,MYO10,1,0,0
9353,SLIT2,1,0,0
134430,WDR36,1,0,0
9555,H2AFY,1,0,0
5356,PLRG1,1,0,0
9887,SMG7,1,0,0
27,ABL2,1,0,0
23286,WWC1,1,0,0
342538,NACA2,1,0,0
7336,UBE2V2,1,0,0
27067,STAU2,1,0,0
55756,INTS9,1,0,0
51312,SLC25A37,1,0,0
6224,RPS20,1,0,0
9685,CLINT1,1,0,0
4168,MCF2,1,0,0
3551,IKBKB,1,0,0
57132,CHMP1B,1,0,0
1207,CLNS1A,1,0,0
8322,FZD4,1,0,0
92105,INTS4,1,0,0
23263,MCF2L,1,0,0
11331,PHB2,1,0,0
4090,SMAD5,1,0,0
57128,LYRM4,1,0,0
4637,MYL6,1,0,0
117177,RAB3IP,1,0,0
317,APAF1,1,0,0
4522,MTHFD1,1,0,0
4293,MAP3K9,1,0,0
10607,TBL3,1,0,0
80205,CHD9,1,0,0
26156,RSL1D1,1,0,0
4947,OAZ2,1,0,0
6209,RPS15,1,0,0
5608,MAP2K6,1,0,0
25804,LSM4,1,0,0
6234,RPS28,1,0,0
7409,VAV1,1,0,0
